merchant_name,razon_social,descriptor_extracto,marca
Boutique Moda,Boutique Moda SAS,BOUTIQUE MODA,Moda Urbana
Cable TV,Cable Vision Andina SA,CABLE TV ANDINA,Andina Vision
Centro Comercial,Centro Comercial Plaza Real SA,PLAZA REAL CC,Plaza Real
Cine Premium,Cine Premium Latam SAS,CINE PREMIUM,Premium Cinemas
Clínica Médica,Clinica Medica del Valle SA,CLINICA MED VALLE,Salud Valle
Conciertos Live,Conciertos Live Entretenimiento SAS,CONCIERTOS LIVE,Live Nation Sur
Empresa Telefónica,Telefonia Nacional SA,TELEFONIA NAC,Movil Nacional
Estación de Servicio,Estacion de Servicio Ruta 9 SAS,EDS RUTA 9,Ruta 9
Farmacia Salud,Farmacia Salud Total SA,FARMACIA SALUD,Salud Total
Ferretería,Ferreteria El Tornillo SAS,FERRETERIA TORNILLO,El Tornillo
Gasolinera Express,Gasolinera Express SA,GASOLINERA EXPRESS,Express Fuel
Internet Plus,Internet Plus Telecom SAS,INTERNET PLUS,Plus Telecom
Laboratorio Central,Laboratorio Clinico Central SAS,LAB CENTRAL,Central Lab
Mercado Central,Mercado Central Abastos SA,MERCADO CENTRAL,Abastos Central
Restaurante El Buen Sabor,Restaurante El Buen Sabor SAS,EL BUEN SABOR REST,Buen Sabor
Servicios Públicos,Empresa de Servicios Publicos Unidos ESP,SERV PUBLICOS UNIDOS,Servicios Unidos
Streaming Music,Streaming Music Latam SAS,STREAMING MUSIC,Melodia Stream
Super Ahorro,Supermercados Super Ahorro SA,SUPER AHORRO,Super Ahorro
Taxi Seguro,Taxi Seguro Movilidad SAS,TAXI SEGURO,Taxi Seguro
Teatro Nacional,Fundacion Teatro Nacional,TEATRO NACIONAL,Teatro Nacional
Tienda Don José,Tienda Don Jose y Cia SAS,TIENDA DON JOSE,Don Jose
Tienda General,Tienda General de Barrio SAS,TIENDA GENERAL,Tienda General
Uber,Uber Colombia SAS,UBER *TRIP,Uber
Óptica Visión,Optica Vision Clara SAS,OPTICA VISION,Vision Clara
